Vessel Category,Country,2009,2010,2011,2012,2013,2014,2015,2016,2017,2018,2019,2020,2021,2022,2023,2024,2025,2026 (Jan)
Cargo,Fiji,0.16,0.16,0.06,0.09,0.06,0.08,0.11,0.1,0.09,0.1,0.12,0.13,0.11,0.11,0.1,0.1,0.08,0.1
Cargo,Kiribati,0.23,0.2,0.24,0.12,0.13,0.1,0.07,0.16,0.13,0.09,0.08,0.16,0.22,0.13,0.07,0.16,0.1,0.27
Cargo,Marshall Islands,0.41,0.14,0.12,0.11,0.08,0.05,0.05,0.06,0.1,0.09,0.09,0.18,0.17,0.18,0.09,0.09,0.09,0.12
Cargo,Micronesia,0.39,0.18,0.12,0.1,0.09,0.11,0.13,0.1,0.09,0.14,0.18,0.26,0.24,0.24,0.17,0.16,0.13,0.13
Cargo,Nauru,0.16,0.08,0.1,0.1,0.12,0.19,0.27,0.23,0.19,0.25,0.32,0.22,0.18,0.2,0.24,0.19,0.17,0.52
Cargo,Palau,0.56,0.63,0.32,0.46,0.24,0.25,0.17,0.26,0.25,0.22,0.26,0.29,0.27,0.43,0.43,0.37,0.51,0.56
Cargo,Papua New Guinea,0.27,0.17,0.09,0.08,0.09,0.08,0.1,0.11,0.1,0.08,0.07,0.07,0.07,0.08,0.08,0.08,0.09,0.09
Cargo,Samoa,0.23,0.11,0.14,0.13,0.12,0.12,0.2,0.15,0.17,0.13,0.19,0.22,0.14,0.21,0.14,0.12,0.15,0.35
Cargo,Solomon Islands,0.09,0.04,0.03,0.03,0.04,0.04,0.04,0.03,0.04,0.04,0.04,0.04,0.05,0.04,0.05,0.04,0.04,0.06
Cargo,Tonga,0.25,0.13,0.15,0.23,0.15,0.25,0.26,0.32,0.15,0.16,0.2,0.17,0.15,0.24,0.31,0.38,0.41,0.24
Cargo,Tuvalu,0.54,0.42,0.35,0.26,0.45,0.25,0.09,0.2,0.15,0.14,0.18,0.39,0.38,0.34,0.16,0.18,0.18,0.34
Cargo,Vanuatu,0.31,0.16,0.13,0.15,0.14,0.18,0.24,0.21,0.19,0.2,0.19,0.18,0.27,0.24,0.15,0.13,0.11,0.18
Fishing,Fiji,0.2,0.07,0.17,0.08,0.06,0.1,0.09,0.1,0.09,0.09,0.08,0.08,0.1,0.07,0.09,0.08,0.09,0.08
Fishing,Kiribati,0.33,0.22,0.16,0.11,0.11,0.17,0.11,0.11,0.11,0.18,0.24,0.4,0.35,0.62,0.12,0.17,0.11,0.11
Fishing,Marshall Islands,0.36,0.42,0.31,0.21,0.15,0.08,0.05,0.04,0.06,0.06,0.07,0.19,0.15,0.19,0.15,0.28,0.27,0.27
Fishing,Micronesia,0.21,0.25,0.24,0.21,0.1,0.09,0.09,0.07,0.06,0.04,0.08,0.1,0.17,0.05,0.04,0.04,0.04,0.05
Fishing,Nauru,,,,,,,,,0.56,1,1,0.33,,,,,1,1
Fishing,Palau,1,0.5,0.18,0.19,0.13,0.24,0.14,0.08,0.06,0.06,0.06,0.27,0.68,0.39,0.23,0.31,0.25,
Fishing,Papua New Guinea,0.5,0.24,0.21,0.11,0.1,0.1,0.05,0.05,0.08,0.06,0.06,0.06,0.05,0.06,0.05,0.05,0.05,0.09
Fishing,Samoa,,1,0.23,0.28,0.5,0.38,0.36,0.42,0.32,0.22,0.09,0.19,0.26,0.18,0.11,0.1,0.12,0.38
Fishing,Solomon Islands,0.4,0.28,0.31,0.27,0.16,0.12,0.04,0.04,0.1,0.07,0.05,0.08,0.14,0.07,0.03,0.07,0.05,0.15
Fishing,Tonga,,1,,1,1,1,0.5,0.31,0.24,0.25,0.19,0.19,0.52,0.29,0.31,0.46,0.35,0.23
Fishing,Tuvalu,0.28,0.44,1,0.38,0.72,0.51,0.11,0.17,0.21,0.18,0.18,0.2,0.88,0.26,0.18,0.19,0.61,
Fishing,Vanuatu,1,1,1,,,,0.38,0.68,1,1,0.92,0.94,1,0.95,0.64,0.38,0.65,1
Passenger,Fiji,0.2,0.27,0.28,0.52,0.49,0.44,0.37,0.53,0.51,0.61,0.58,0.72,0.83,0.58,0.44,0.33,0.15,0.21
Passenger,Kiribati,,0.33,0.5,0.5,0.9,0.9,0.81,1,0.5,,,1,1,,0.56,0.85,1,1
Passenger,Marshall Islands,,,,,1,1,0.25,1,0.5,1,1,1,,,1,1,0.5,
Passenger,Micronesia,0.71,0.68,0.56,0.56,0.45,0.61,0.63,0.39,0.5,0.39,0.69,1,1,0.5,0.4,0.29,0.67,1
Passenger,Nauru,,,,,,,,1,,1,,,,,,,,
Passenger,Palau,,,,1,0.5,0.5,1,0.46,0.82,0.52,0.38,0.66,1,0.68,0.33,0.36,0.31,0.68
Passenger,Papua New Guinea,0.17,0.17,0.23,0.15,0.12,0.17,0.68,0.64,0.45,0.6,0.48,0.3,0.53,0.47,0.19,0.3,0.18,0.3
Passenger,Samoa,0.19,0.18,0.38,0.73,0.62,0.65,0.65,0.69,0.7,0.58,0.55,0.88,1,0.5,0.59,0.53,0.49,0.5
Passenger,Solomon Islands,0.38,0.31,0.38,0.56,0.26,0.14,0.12,0.19,0.12,0.12,0.59,0.46,1,0.26,0.26,0.2,0.2,1
Passenger,Tonga,0.25,0.6,0.77,0.92,0.97,0.93,0.95,0.5,0.83,0.5,0.33,0.5,0.59,0.64,0.54,0.63,0.44,0.5
Passenger,Tuvalu,,,,,0.5,1,0.5,,1,1,,,,,,,1,
Passenger,Vanuatu,0.3,0.18,0.22,0.15,0.32,0.26,0.28,0.28,0.27,0.31,0.46,0.65,1,0.55,0.41,0.28,0.45,0.45
Tanker,Fiji,0.29,0.19,0.12,0.13,0.13,0.12,0.11,0.11,0.09,0.09,0.1,0.11,0.1,0.1,0.07,0.08,0.08,0.13
Tanker,Kiribati,0.6,0.76,0.74,0.8,0.63,0.61,0.45,0.44,0.52,0.66,0.38,0.54,0.22,1,0.44,0.43,0.38,0.56
Tanker,Marshall Islands,0.65,0.44,0.19,0.18,0.32,0.32,0.37,0.34,0.23,0.13,0.12,0.29,0.23,0.29,0.28,0.19,0.3,0.33
Tanker,Micronesia,1,1,0.52,0.46,0.8,1,1,0.94,0.69,0.87,0.86,1,1,1,0.95,0.89,0.81,1
Tanker,Nauru,0.63,,0.34,0.19,0.28,0.44,0.31,1,1,0.72,1,0.47,0.53,1,1,1,1,
Tanker,Palau,0.83,0.63,0.5,0.48,0.73,0.74,0.63,0.63,0.48,0.33,0.27,0.71,0.66,0.62,0.7,0.49,0.69,1
Tanker,Papua New Guinea,0.15,0.11,0.08,0.09,0.1,0.09,0.09,0.06,0.06,0.07,0.06,0.06,0.04,0.06,0.06,0.06,0.05,0.11
Tanker,Samoa,0.18,0.28,0.2,0.21,0.31,0.27,0.31,0.26,0.32,0.16,0.24,0.31,0.23,0.24,0.09,0.11,0.1,0.5
Tanker,Solomon Islands,0.1,0.18,0.2,0.14,0.11,0.13,0.14,0.15,0.1,0.08,0.11,0.08,0.08,0.12,0.08,0.06,0.05,0.2
Tanker,Tonga,1,0.34,0.62,0.43,0.37,0.35,0.31,0.28,0.21,0.37,0.39,0.3,0.25,0.35,0.37,0.25,0.27,0.36
Tanker,Tuvalu,,,,,0.5,1,1,1,0.63,1,0.82,0.82,0.65,1,1,0.68,1,1
Tanker,Vanuatu,0.49,0.38,0.45,0.58,0.29,0.27,0.34,0.33,0.36,0.29,0.4,0.35,0.29,0.46,0.34,0.32,0.35,0.38